id,url
gen_01kp714549fzcr8efpzt1cstbe.mp4,https://sharedocs.huma-num.fr/wl/?id=cssgdLDWkowc3Qu8QoRJtebhbXL4ViOM&fmode=open
gen_01kbdfhrjbfqka8fcj4hhwtgpw.mp4,https://sharedocs.huma-num.fr/wl/?id=fOQQFHUP5KZIKHuJxgYQe4eVgONkgB8C&fmode=open
gen_01kgf1c4qyezpsybqfbhejs5g0.mp4,https://sharedocs.huma-num.fr/wl/?id=xZcWBMVZaXAcx8wmP47mtNjQESKEXB31&fmode=open
gen_01kgf1mv0he1zaay3n5atrfyba.mp4,https://sharedocs.huma-num.fr/wl/?id=VckYVTTPypc8b36kpyHenG2kY72ZyEQ1&fmode=open
gen_01kgf2f02gfe8rwb58n0r14afk.mp4,https://sharedocs.huma-num.fr/wl/?id=LYjmwoxWpA6gWn7T7lGKv9kLP8q7naFO&fmode=open
gen_01kgf2f4vrfyxb3d1rxakq6t5e.mp4,https://sharedocs.huma-num.fr/wl/?id=MHeJ80OUWnkbIweSmRlzGWOkrrvYZN6I&fmode=open
gen_01kgf2f5gnfew8kfmedg9gx1cd.mp4,https://sharedocs.huma-num.fr/wl/?id=W0sqTkMcg2pgfe9FD9vA7IndCyTCbqbp&fmode=open
gen_01kgf2f15re3rr9ej178fh69g9.mp4,https://sharedocs.huma-num.fr/wl/?id=vbnCwfdi8ZyIuGsFtk7NgvGL1phf4fG8&fmode=open
gen_01kgf4e43hectvhjkzdh5sv62p.mp4,https://sharedocs.huma-num.fr/wl/?id=ouKIBHc5RroGQPFFoLO97pwuYNAutoKM&fmode=open
gen_01kgf7eaype9btmycrc02yhv8n.mp4,https://sharedocs.huma-num.fr/wl/?id=naGhO6Oq7uRGyx4AicbJcuYvWtEPnahG&fmode=open
gen_01kgf21ycpfzc9ncqbm8pr85hr.mp4,https://sharedocs.huma-num.fr/wl/?id=DROkrVQuE4eGf5y4uHs2D4kVkzcCjHpt&fmode=open
gen_01kghv20q3eph8gb0bzh6z4nkb.mp4,https://sharedocs.huma-num.fr/wl/?id=0t9i4ETSpjmRupijEIuPKDueHVtHQbQw&fmode=open
gen_01kgwp0m24f2v9cjfvze4d66ms.mp4,https://sharedocs.huma-num.fr/wl/?id=EmkD1evR6IQXggY1LtPRBvxAmswakNl8&fmode=open
gen_01kgwpj96eev0sjk1ejt4tzc04.mp4,https://sharedocs.huma-num.fr/wl/?id=MkbQmaewJUlnymmjWrHuMqMNPg3sgXy2&fmode=open
gen_01kgwpjw5gfass7xtbrmqzz6j9.mp4,https://sharedocs.huma-num.fr/wl/?id=glF87Bfs3l3PerF5U4hHh1M01uYNtXUU&fmode=open
gen_01kgza6vj3etgs826xf1369jk0.mp4,https://sharedocs.huma-num.fr/wl/?id=XG6cFLYQjJzOpy1WqylvVvoUHn6quYBy&fmode=open
gen_01khctp28wfs99hmqxhmp2qc2k.mp4,https://sharedocs.huma-num.fr/wl/?id=khWmDev1QIGa0ehYpMEP0cWsQEnyvTnM&fmode=open
gen_01khtz1fg8evxr1ddfdfs7wp7g.mp4,https://sharedocs.huma-num.fr/wl/?id=f5Z4WFlkdnMbXKU2P5zawrT0L4nhewcU&fmode=open
gen_01khtz7se2e5vtz0csteveqwgy.mp4,https://sharedocs.huma-num.fr/wl/?id=PX8Rs1MxurRmABSTR5XTJYfwVGRojyjq&fmode=open
gen_01kjdwfg30em1vqkxk3ct6cs32.mp4,https://sharedocs.huma-num.fr/wl/?id=5H7GPrBCMaz4lVEg41Qvk9cdivwK717F&fmode=open
gen_01kjdy7673fgnasvdh9mdb25zf.mp4,https://sharedocs.huma-num.fr/wl/?id=OzigKzfMno0sWW0MD5fDrvHkASSAhSBr&fmode=open
gen_01kjxebfj6fkn92k0v55vrzgrt.mp4,https://sharedocs.huma-num.fr/wl/?id=AXc8fD8YWmNAyE7YadbfW0hEV6Dc2bzt&fmode=open
gen_01kjz53k1hf7fbqvg6r45prcg2.mp4,https://sharedocs.huma-num.fr/wl/?id=zyNj8i7XKT7Su8hLomeop4A3rXZBDB6I&fmode=open
gen_01kk042h4yf4zra87yc9mrwfrz.mp4,https://sharedocs.huma-num.fr/wl/?id=Tc4FAcUNy8nmsxMVyb6kD5GRVXf4I9zP&fmode=open
gen_01kkcbq3qme7av5r47ehpfwyen.mp4,https://sharedocs.huma-num.fr/wl/?id=bBj8tws0kdh9bpz4sQNukG2STEmnUsM9&fmode=open
gen_01kkczgx3xepav2jy181xb7s02.mp4,https://sharedocs.huma-num.fr/wl/?id=nUTlsQGoX9iBf6nnXKS8sAocC0WGyQm9&fmode=open
gen_01km0bmdwaek0sykbq0ekmvawj.mp4,https://sharedocs.huma-num.fr/wl/?id=mgc9zT0dgKZjJzsX5SK4OdmIeCcW5CGk&fmode=open
gen_01km0g9pqvf61b0yn69t667p7b.mp4,https://sharedocs.huma-num.fr/wl/?id=Vxq0NkKhzhyeBHKbwnIjX6GpHdT6xD4a&fmode=open
gen_01km0gfgeaetc8730x1mtvespk.mp4,https://sharedocs.huma-num.fr/wl/?id=Wv7BdpIXBBx7MFT2fO2liaVS8VFYHicA&fmode=open
gen_01km5enb5xfcfatwdp5mqv4r0d.mp4,https://sharedocs.huma-num.fr/wl/?id=xZZ301R3XXdHDmXt7pk3Qamfohip0oBe&fmode=open
gen_01km54p6cze3z8r4m9sqmjnxbb.mp4,https://sharedocs.huma-num.fr/wl/?id=1WXloiJTiG5ABRe28JpFUXm7YgYZapT1&fmode=open
gen_01kmqp58wbf71rys998cx0qx6v.mp4,https://sharedocs.huma-num.fr/wl/?id=rqUOkD150eEBw6UvxcycpJbIeKG9T2I3&fmode=open
gen_01kmqq75vnfa68ty3eeczfjt17.mp4,https://sharedocs.huma-num.fr/wl/?id=oNALtzWZoDCsIdtuwL2Ch2VIGKq6vFih&fmode=open
gen_01kmqr7sa5fk58nzhnv01020zx.mp4,https://sharedocs.huma-num.fr/wl/?id=HQ8DQtaiiSDoulCXwD1WEabEgpVjj5Ai&fmode=open
gen_01kmqrzhkkfa8sxm9jjm49j707.mp4,https://sharedocs.huma-num.fr/wl/?id=1usFiqDODNVI9HLxll6njW8AeZ4HmEAD&fmode=open
gen_01kp6z4g8kfz8bxge5fd9xdmaf.mp4,https://sharedocs.huma-num.fr/wl/?id=zBAPWvwRuVN4GUGoZe41QvBynsQfm6Rw&fmode=open
gen_01kp9mpx0eekhtjxhnb3z8gez9.mp4,https://sharedocs.huma-num.fr/wl/?id=NcDLEocwDNSkFeKAJl9flJAicsQJfweu&fmode=open
gen_01kp70ma9gep29n2w9s8t879x6.mp4,https://sharedocs.huma-num.fr/wl/?id=oSCFNVhanOboFhqwl1k4iwcFh1z8SB8f&fmode=open
gen_01kp70p3wve16r71cvv5tdx9zv.mp4,https://sharedocs.huma-num.fr/wl/?id=fhNro0lTPdEXMpaIopcaW68tN5a8RGrG&fmode=open
gen_01kp70pmrsewxvce0vm4n99ddz.mp4,https://sharedocs.huma-num.fr/wl/?id=kZhIhIFuk41imMetmAclbDpKvqhI5ANu&fmode=open
gen_01kp712tgbf8ss9tseyhh3yv99.mp4,https://sharedocs.huma-num.fr/wl/?id=Mbkot7yyzw17trI5CvevRx92uATHfOeU&fmode=open
gen_01kp713a9ee3k8dyzvf3sphj4r.mp4,https://sharedocs.huma-num.fr/wl/?id=ePCCFoB3yFlb9niGV6EFA26aw43ZzFOl&fmode=open